variant_id	gene	variation_id	clinvar_significance	n_train_models	train_models
1-109621257-G-A	AMPD2	1098760	Benign/Likely benign	0	""
1-11022268-G-A	TARDBP	21483	Pathogenic/Likely pathogenic	0	""
1-11790681-C-G	MTHFR	975602	Pathogenic/Likely pathogenic	3	FuncVEP_CTE,FuncVEP_CTI,FuncVEP_SP
1-11846011-A-G	NPPA	226855	Benign	0	""
1-150796836-C-T	CTSK	649051	Pathogenic/Likely pathogenic	0	""
1-150796863-A-G	CTSK	8426	Pathogenic/Likely pathogenic	0	""
1-154273893-G-A	HAX1	748927	Likely benign	0	""
1-154588125-C-T	ADAR	39458	Pathogenic/Likely pathogenic	0	""
1-155613505-T-C	MSTO1	711293	Benign/Likely benign	0	""
1-155613694-C-T	MSTO1	1286450	Benign/Likely benign	0	""
1-155614151-G-A	MSTO1	1290043	Benign	0	""
1-156293154-G-C	GLMP	770493	Benign	0	""
1-156594013-G-A	NAXE	726238	Benign	0	""
1-161222407-A-T	APOA2	2690543	Likely pathogenic	0	""
1-161314425-G-A	SDHC	1351620	Likely pathogenic	0	""
1-16986334-C-T	ATP13A2	128474	Benign/Likely benign	0	""
1-206902976-T-G	IL24	770860	Benign	0	""
1-21560683-C-T	ALPL	975919	Pathogenic/Likely pathogenic	0	""
1-226071394-A-G	H3-3A	985263	Likely pathogenic	0	""
1-235414438-C-T	TBCE	593372	Likely benign	0	""
1-244053818-A-G	ZBTB18	4070586	Pathogenic/Likely pathogenic	0	""
1-26797615-C-A	PIGV	985880	Likely pathogenic	0	""
1-33014560-C-T	AK2	702342	Benign/Likely benign	0	""
1-45329371-G-T	MUTYH	41756	Benign/Likely benign	0	""
1-45332791-C-T	MUTYH	141595	Pathogenic/Likely pathogenic	0	""
1-45332795-G-A	MUTYH	187280	Pathogenic/Likely pathogenic	0	""
1-92476153-T-C	GFI1	8739	Pathogenic	0	""
10-1129240-G-T	WDR37	3190009	Likely benign	0	""
10-113729393-C-G	CASP7	1246573	Benign	0	""
10-27812526-C-A	ODAD2	417179	Benign	0	""
10-49515970-C-T	ERCC6	1266989	Benign	0	""
10-49516270-C-T	ERCC6	1194021	Benign/Likely benign	0	""
10-53810587-C-T	PCDH15	227001	Benign	0	""
10-53822019-T-C	PCDH15	46507	Benign	0	""
10-53822169-T-G	PCDH15	177747	Benign/Likely benign	0	""
10-53822328-C-T	PCDH15	46499	Benign/Likely benign	0	""
10-53822367-G-A	PCDH15	46498	Benign/Likely benign	0	""
10-53822876-T-C	PCDH15	46484	Benign/Likely benign	0	""
10-53822914-C-A	PCDH15	227009	Benign/Likely benign	0	""
10-53822993-A-G	PCDH15	178520	Likely benign	0	""
10-53823263-T-C	PCDH15	227840	Likely benign	0	""
10-69295658-T-C	HK1	994196	Benign/Likely benign	0	""
10-70598940-C-T	PRF1	976231	Pathogenic/Likely pathogenic	0	""
10-70599027-G-A	PRF1	2678052	Pathogenic/Likely pathogenic	0	""
10-70599055-G-T	PRF1	280112	Pathogenic/Likely pathogenic	0	""
10-70599062-C-T	PRF1	802582	Pathogenic/Likely pathogenic	0	""
10-70599063-C-G	PRF1	645064	Pathogenic	0	""
10-70599063-C-T	PRF1	961631	Pathogenic	0	""
10-86687163-G-A	LDB3	4727	Pathogenic/Likely pathogenic	0	""
10-86687218-C-T	LDB3	4728	Pathogenic/Likely pathogenic	0	""
10-87965472-A-C	PTEN	428265	Likely pathogenic	0	""
10-87965472-A-T	PTEN	234144	Pathogenic	0	""
10-98429810-C-G	HPS1	435447	Benign/Likely benign	0	""
10-98430623-A-G	HPS1	1452567	Pathogenic/Likely pathogenic	0	""
11-108365506-T-C	ATM	838778	Likely pathogenic	0	""
11-108365506-T-G	ATM	836593	Likely pathogenic	0	""
11-108365507-G-C	ATM	1044945	Likely pathogenic	0	""
11-112094810-T-G	SDHD	230274	Pathogenic/Likely pathogenic	0	""
11-17517424-C-T	USH1C	45426	Benign	0	""
11-17517442-C-T	USH1C	45425	Benign	0	""
11-2884120-G-T	CDKN1C	986832	Likely pathogenic	0	""
11-31789935-T-A	PAX6	3474	Pathogenic/Likely pathogenic	0	""
11-31789936-A-G	PAX6	800482	Pathogenic/Likely pathogenic	0	""
11-45847462-C-A	CRY2	782294	Benign	0	""
11-47571628-G-C	PTPMT1	720436	Benign	0	""
11-56664617-A-T	OR5AR1	713757	Benign	0	""
11-57660808-T-C	CLP1	508038	Benign/Likely benign	0	""
11-61959507-C-A	BEST1	99758	Pathogenic	0	""
11-61959509-G-C	BEST1	1455383	Pathogenic/Likely pathogenic	0	""
11-61959514-T-C	BEST1	99762	Pathogenic/Likely pathogenic	0	""
11-61959517-A-G	BEST1	99764	Pathogenic	0	""
11-61959518-C-A	BEST1	546666	Likely pathogenic	0	""
11-61959530-G-C	BEST1	99770	Pathogenic	0	""
11-61959533-T-G	BEST1	99773	Pathogenic	0	""
11-61959534-G-C	BEST1	99774	Pathogenic	0	""
11-61959535-A-C	BEST1	636002	Pathogenic	0	""
11-61959536-T-A	BEST1	1511867	Likely pathogenic	0	""
11-61959545-T-G	BEST1	623155	Pathogenic/Likely pathogenic	0	""
11-62614353-G-A	ROM1	195064	Benign/Likely benign	0	""
11-64298178-G-C	KCNK4	560222	Pathogenic/Likely pathogenic	0	""
11-64299694-G-A	KCNK4	1635353	Benign/Likely benign	0	""
11-64806232-T-A	MEN1	2735652	Likely pathogenic	0	""
11-6618776-C-G	TPP1	207567	Pathogenic/Likely pathogenic	0	""
11-6618776-C-T	TPP1	68744	Pathogenic	0	""
11-70473428-A-G	SHANK2	212168	Benign/Likely benign	0	""
11-71435582-G-T	DHCR7	993946	Likely pathogenic	0	""
11-71435764-C-T	DHCR7	2137189	Pathogenic/Likely pathogenic	0	""
11-71435827-C-A	DHCR7	6785	Pathogenic/Likely pathogenic	0	""
11-72372993-C-T	CLPB	235218	Benign/Likely benign	0	""
11-72373000-C-T	CLPB	542781	Benign/Likely benign	0	""
12-110645031-G-T	TCTN1	160095	Benign	0	""
12-112911116-G-T	OAS1	1651627	Likely benign	0	""
12-112919411-A-G	OAS1	1165531	Benign/Likely benign	0	""
12-120997665-G-A	HNF1A	972780	Pathogenic	0	""
12-132509586-C-T	FBRSL1	3777765	Likely benign	0	""
12-132619476-G-A	P2RX2	229124	Benign/Likely benign	0	""
12-2504526-G-A	CACNA1C	155775	Pathogenic	0	""
12-2504538-G-A	CACNA1C	190633	Pathogenic/Likely pathogenic	0	""
12-2504538-G-C	CACNA1C	190634	Pathogenic	0	""
12-49185899-C-T	TUBA1A	988579	Pathogenic/Likely pathogenic	0	""
12-49185942-C-A	TUBA1A	431839	Likely pathogenic	0	""
12-49186402-C-A	TUBA1A	520585	Pathogenic	0	""
12-49186416-T-C	TUBA1A	212491	Likely pathogenic	0	""
12-51688812-G-C	SCN8A	4879832	Likely pathogenic	0	""
12-51688812-G-T	SCN8A	665356	Pathogenic/Likely pathogenic	0	""
12-69353170-G-A	LYZ	3541465	Likely benign	0	""
12-69353206-G-A	LYZ	722403	Likely benign	0	""
12-8138285-T-C	CLEC4A	732592	Benign	0	""
12-865125-A-G	WNK1	704453	Benign/Likely benign	0	""
12-865160-G-C	WNK1	674047	Benign	0	""
12-865240-C-T	WNK1	1164398	Benign/Likely benign	0	""
12-868172-A-T	WNK1	1133415	Likely benign	0	""
12-868829-G-T	WNK1	1150701	Likely benign	0	""
13-36304367-A-T	SPART	1032654	Likely benign	0	""
13-48261223-G-T	ITM2B	1334024	Likely pathogenic	0	""
13-72759797-A-G	DIS3	1336735	Likely benign	0	""
14-24606604-T-A	GZMH	779654	Benign	0	""
14-53950804-A-G	BMP4	197190	Benign/Likely benign	0	""
14-58547804-G-A	KIAA0586	766846	Likely benign	0	""
14-64225026-G-A	SYNE2	313666	Benign	0	""
14-87934734-A-G	GALC	1066870	Pathogenic/Likely pathogenic	0	""
14-96881177-G-A	VRK1	521856	Pathogenic/Likely pathogenic	0	""
15-42411772-G-T	CAPN3	571060	Likely pathogenic	0	""
15-51222349-C-T	CYP19A1	17826	Pathogenic	0	""
15-68214290-C-A	CLN6	1802206	Likely pathogenic	0	""
15-68229502-C-T	CLN6	623397	Pathogenic	0	""
15-88905757-C-T	MFGE8	723346	Likely benign	0	""
16-1220254-G-A	CACNA1H	460163	Likely benign	0	""
16-1220350-G-A	CACNA1H	718203	Benign/Likely benign	0	""
16-173598-T-A	HBA2	15626	Pathogenic	0	""
16-173598-T-G	HBA2	15653	Pathogenic/Likely pathogenic	0	""
16-173599-A-C	HBA2	15627	Pathogenic/Likely pathogenic	0	""
16-173600-A-T	HBA2	15652	Pathogenic	0	""
16-1985906-T-C	GFER	559180	Benign	0	""
16-3484780-C-G	NAA60	780018	Benign	0	""
16-3658129-T-G	TRAP1	720753	Benign/Likely benign	0	""
16-3757288-C-T	CREBBP	374025	Pathogenic/Likely pathogenic	0	""
16-5077459-T-G	ALG1	384255	Benign/Likely benign	0	""
16-58018985-A-G	USB1	496747	Likely pathogenic	0	""
16-58020195-C-G	USB1	403597	Benign/Likely benign	0	""
16-66513786-A-G	TK2	2736362	Pathogenic/Likely pathogenic	0	""
16-67886084-C-G	NRN1L	768782	Benign	0	""
16-70269756-C-T	AARS1	320348	Benign	0	""
16-75556194-G-C	TMEM231	130587	Benign	0	""
16-79211665-G-C	WWOX	100648	Pathogenic/Likely pathogenic	0	""
16-87891852-C-T	CA5A	388645	Pathogenic/Likely pathogenic	0	""
16-88646774-G-A	CYBA	68211	Pathogenic/Likely pathogenic	0	""
16-88646774-G-C	CYBA	1522930	Likely pathogenic	0	""
16-88648103-C-T	CYBA	2265	Pathogenic/Likely pathogenic	0	""
16-88814441-A-C	GALNS	1048361	Pathogenic/Likely pathogenic	0	""
16-88858704-A-G	TRAPPC2L	2647014	Likely benign	0	""
16-89305206-C-T	ANKRD11	521463	Pathogenic	0	""
16-89513037-G-C	SPG7	424654	Pathogenic/Likely pathogenic	0	""
16-89738944-G-A	FANCA	554887	Pathogenic/Likely pathogenic	0	""
16-934244-C-T	LMF1	1399714	Likely pathogenic	0	""
16-985162-G-T	SOX8	714679	Likely benign	0	""
16-985174-G-A	SOX8	2645874	Likely benign	0	""
17-15230952-C-G	PMP22	384327	Pathogenic/Likely pathogenic	0	""
17-15230997-C-T	PMP22	382636	Benign/Likely benign	0	""
17-15231080-C-A	PMP22	637376	Pathogenic/Likely pathogenic	0	""
17-15239522-G-C	PMP22	642666	Benign/Likely benign	0	""
17-15239555-A-T	PMP22	217236	Likely pathogenic	0	""
17-15239591-C-G	PMP22	8436	Pathogenic/Likely pathogenic	0	""
17-18172206-G-C	MYO15A	3370467	Likely pathogenic	0	""
17-19671781-G-A	ALDH3A2	1459314	Pathogenic/Likely pathogenic	0	""
17-3499087-A-G	ASPA	950717	Likely pathogenic	0	""
17-39672852-T-C	PGAP3	125439	Pathogenic	0	""
17-42536563-T-G	NAGLU	973593	Pathogenic/Likely pathogenic	0	""
17-42909407-G-T	G6PC1	374125	Pathogenic/Likely pathogenic	0	""
17-42909418-G-A	G6PC1	214465	Pathogenic/Likely pathogenic	0	""
17-42909418-G-C	G6PC1	12008	Pathogenic	0	""
17-43047643-C-A	BRCA1	868922	Pathogenic	0	""
17-43047643-C-T	BRCA1	55588	Pathogenic/Likely pathogenic	0	""
17-43051063-C-T	BRCA1	55530	Pathogenic	0	""
17-46929530-G-A	GOSR2	205627	Benign/Likely benign	0	""
17-57849279-G-T	MRPS23	1553580	Benign	0	""
17-58695189-G-A	RAD51C	234175	Pathogenic/Likely pathogenic	0	""
17-58695189-G-C	RAD51C	418441	Pathogenic/Likely pathogenic	0	""
17-58695189-G-T	RAD51C	942269	Pathogenic/Likely pathogenic	0	""
17-63872128-A-G	CSH2	717494	Benign	0	""
17-6760434-A-G	XAF1	1243178	Benign	0	""
17-75523332-C-T	TSEN54	160127	Benign	0	""
17-75778629-T-C	H3-3B	1339275	Pathogenic/Likely pathogenic	0	""
17-75778641-G-A	H3-3B	4293548	Likely pathogenic	0	""
17-7586913-G-C	MPDU1	95180	Benign	0	""
17-80213848-G-C	SGSH	290032	Benign	0	""
17-80213874-G-C	SGSH	235357	Pathogenic/Likely pathogenic	0	""
17-80214194-G-T	SGSH	728299	Likely benign	0	""
17-80214218-C-G	SGSH	5118	Pathogenic/Likely pathogenic	0	""
17-80214738-G-A	SGSH	5110	Pathogenic/Likely pathogenic	0	""
17-80215086-A-G	SGSH	1353938	Pathogenic/Likely pathogenic	0	""
17-80217093-G-T	SGSH	1708447	Likely pathogenic	0	""
17-81813627-G-C	GCGR	784371	Benign/Likely benign	0	""
18-23873120-C-A	LAMA3	742547	Likely benign	0	""
18-23873154-T-G	LAMA3	326292	Benign	0	""
18-31068175-T-G	DSC2	926569	Likely benign	0	""
19-11039474-A-G	SMARCA4	238453	Benign/Likely benign	0	""
19-1106439-G-A	GPX4	722508	Likely benign	0	""
19-11129519-T-G	LDLR	252320	Likely pathogenic	0	""
19-11129536-G-A	LDLR	252328	Likely pathogenic	0	""
19-11129598-C-A	LDLR	252341	Pathogenic	0	""
19-11129598-C-G	LDLR	161265	Likely pathogenic	0	""
19-1612357-C-T	TCF3	225870	Pathogenic	0	""
19-32879164-A-G	CEP89	1669354	Benign	0	""
19-33387978-T-C	PEPD	782167	Benign/Likely benign	0	""
19-33387990-A-T	PEPD	1507015	Likely pathogenic	0	""
19-36003474-G-T	SYNE4	1658064	Likely benign	0	""
19-36005389-C-G	SYNE4	682357	Likely benign	0	""
19-40705151-T-C	COQ8B	379939	Benign	0	""
19-40705171-G-T	COQ8B	516934	Benign	0	""
19-44948823-G-A	APOC2	2582	Benign/Likely benign	0	""
19-46756936-T-A	FKRP	4223	Pathogenic/Likely pathogenic	0	""
19-48297494-C-A	ODAD1	262491	Benign	0	""
19-49646556-G-T	SCAF1	710946	Benign	0	""
19-55014974-C-T	GP6	775428	Benign	0	""
19-55147008-C-G	TNNT1	514879	Likely benign	0	""
19-55147019-T-C	TNNT1	31865	Benign/Likely benign	0	""
19-6496213-C-T	TUBB4A	429952	Pathogenic/Likely pathogenic	0	""
19-920746-T-A	KISS1R	5757	Pathogenic/Likely pathogenic	0	""
2-108910527-C-T	EDAR	702179	Benign	3	FuncVEP_CTE,FuncVEP_CTI,FuncVEP_SP
2-112433433-A-C	RGPD8	770507	Benign	0	""
2-144389560-A-G	ZEB2	574191	Benign	0	""
2-144389630-C-A	ZEB2	1149290	Likely benign	0	""
2-144389645-G-T	ZEB2	466288	Likely benign	0	""
2-151870575-T-C	CACNB4	136652	Benign	0	""
2-165309193-A-G	SCN2A	488391	Pathogenic	0	""
2-199433338-C-T	SATB2	2820987	Pathogenic	0	""
2-201276908-C-T	CASP8	7760	Pathogenic/Likely pathogenic	0	""
2-219231952-A-C	ANKZF1	1166589	Benign/Likely benign	0	""
2-26458218-C-T	OTOF	548986	Pathogenic	0	""
2-32154494-T-G	SPAST	1072408	Pathogenic/Likely pathogenic	0	""
2-47801155-G-C	MSH6	218057	Likely pathogenic	0	""
2-48688128-C-T	LHCGR	336460	Benign/Likely benign	0	""
2-71454000-T-C	DYSF	553165	Pathogenic/Likely pathogenic	0	""
2-85840146-A-G	ST3GAL5	981385	Pathogenic/Likely pathogenic	0	""
20-17989975-G-A	MGME1	708005	Benign	0	""
20-44406133-G-T	HNF4A	2578345	Likely pathogenic	0	""
20-44406232-G-A	HNF4A	430844	Likely pathogenic	0	""
20-58840821-C-A	GNAS	134490	Benign	0	""
20-58853461-G-A	GNAS	134498	Benign/Likely benign	0	""
20-58853749-A-G	GNAS	134491	Benign/Likely benign	0	""
20-58853765-A-G	GNAS	134478	Benign/Likely benign	0	""
20-58853893-G-C	GNAS	134484	Likely benign	0	""
20-58854178-T-C	GNAS	719213	Likely benign	0	""
20-58854223-G-A	GNAS	727640	Likely benign	0	""
20-58854572-C-A	GNAS	134479	Benign	0	""
20-58854641-C-G	GNAS	134480	Likely benign	0	""
20-58854664-G-T	GNAS	1175414	Likely benign	0	""
20-58855063-C-G	GNAS	134493	Benign/Likely benign	0	""
20-58910701-G-A	GNAS	1065893	Pathogenic/Likely pathogenic	0	""
20-62291736-A-G	OSBPL2	1218107	Likely benign	0	""
20-63433877-G-T	KCNQ2	803621	Likely pathogenic	0	""
20-63433885-C-T	KCNQ2	950074	Pathogenic/Likely pathogenic	0	""
20-63438699-C-T	KCNQ2	812166	Pathogenic/Likely pathogenic	0	""
20-63438720-C-T	KCNQ2	576538	Pathogenic/Likely pathogenic	0	""
20-63439609-C-G	KCNQ2	205888	Pathogenic	0	""
20-63439609-C-T	KCNQ2	7382	Pathogenic	0	""
20-63439610-G-T	KCNQ2	205887	Pathogenic/Likely pathogenic	0	""
20-63439624-C-T	KCNQ2	369770	Pathogenic	0	""
20-63439645-C-A	KCNQ2	1002473	Likely pathogenic	0	""
20-63439657-C-A	KCNQ2	1803794	Pathogenic/Likely pathogenic	0	""
20-63439657-C-T	KCNQ2	369768	Pathogenic	0	""
20-63439681-C-G	KCNQ2	430396	Pathogenic/Likely pathogenic	0	""
20-63439681-C-T	KCNQ2	205884	Pathogenic/Likely pathogenic	0	""
20-63439684-C-A	KCNQ2	216949	Pathogenic	0	""
20-63439684-C-G	KCNQ2	488538	Pathogenic/Likely pathogenic	0	""
21-14109044-G-T	LIPI	1600119	Benign	0	""
21-33578393-C-T	DONSON	711008	Likely benign	0	""
21-33579367-C-G	DONSON	1565140	Likely benign	0	""
21-44297726-G-C	AIRE	623346	Pathogenic/Likely pathogenic	0	""
21-44806982-G-A	SUMO3	789677	Benign	0	""
22-23766251-G-T	CHCHD10	473424	Benign	0	""
22-23766253-T-G	CHCHD10	1216296	Likely benign	0	""
22-35393528-C-T	HMOX1	1169418	Benign	0	""
3-10142187-G-A	VHL	583094	Pathogenic/Likely pathogenic	0	""
3-10142187-G-C	VHL	223193	Pathogenic	0	""
3-10146517-A-C	VHL	560744	Pathogenic/Likely pathogenic	0	""
3-10146517-A-G	VHL	664415	Pathogenic	0	""
3-10146518-C-A	VHL	496057	Pathogenic/Likely pathogenic	0	""
3-10146526-T-C	VHL	428807	Pathogenic	0	""
3-10146526-T-G	VHL	428802	Pathogenic	0	""
3-10146530-C-G	VHL	625240	Pathogenic	0	""
3-10146535-A-G	VHL	223200	Pathogenic/Likely pathogenic	0	""
3-10146561-G-C	VHL	2229	Pathogenic	0	""
3-10146561-G-T	VHL	496061	Pathogenic	0	""
3-10146565-A-G	VHL	496062	Pathogenic/Likely pathogenic	0	""
3-10146566-C-A	VHL	420074	Pathogenic/Likely pathogenic	0	""
3-10146579-T-G	VHL	1737544	Pathogenic/Likely pathogenic	0	""
3-10146618-G-T	VHL	127829	Pathogenic	0	""
3-10146625-T-C	VHL	428803	Pathogenic	0	""
3-10146634-C-T	VHL	649525	Pathogenic	0	""
3-10149795-C-G	VHL	567944	Pathogenic	0	""
3-10149796-T-C	VHL	182980	Pathogenic	0	""
3-10149807-T-C	VHL	496067	Pathogenic	0	""
3-10149808-G-A	VHL	223225	Pathogenic/Likely pathogenic	0	""
3-10149808-G-T	VHL	43604	Pathogenic	0	""
3-10149809-C-G	VHL	223227	Pathogenic/Likely pathogenic	0	""
3-10149810-C-T	VHL	480772	Pathogenic/Likely pathogenic	0	""
3-10149964-G-T	VHL	223236	Likely pathogenic	0	""
3-10149965-A-G	VHL	625269	Likely pathogenic	0	""
3-128481276-G-A	GATA2	800683	Pathogenic/Likely pathogenic	0	""
3-128910147-G-A	ACAD9	3240684	Likely pathogenic	0	""
3-129533716-T-C	RHO	866186	Pathogenic/Likely pathogenic	0	""
3-14173061-A-T	XPC	899822	Likely benign	0	""
3-150941647-G-T	CLRN1	48146	Pathogenic/Likely pathogenic	0	""
3-17089910-T-G	PLCL2	767888	Benign	0	""
3-187225362-A-G	MASP1	1250766	Benign	0	""
3-189789801-A-G	TP63	379663	Pathogenic/Likely pathogenic	0	""
3-25596420-G-A	RARB	988076	Likely pathogenic	0	""
3-37047520-A-G	MLH1	17090	Benign	0	""
3-37047529-C-T	MLH1	41635	Likely benign	0	""
3-37047532-T-C	MLH1	89871	Pathogenic	0	""
3-37047532-T-G	MLH1	1779288	Likely pathogenic	0	""
3-37047544-C-A	MLH1	89877	Pathogenic/Likely pathogenic	0	""
3-37047553-C-A	MLH1	89884	Likely pathogenic	0	""
3-37050535-A-C	MLH1	90071	Likely pathogenic	0	""
3-37050628-T-C	MLH1	90097	Pathogenic	0	""
3-38614031-G-A	SCN5A	925751	Benign/Likely benign	0	""
3-42525971-A-G	VIPR1	731807	Benign	0	""
3-46409113-A-C	CCRL2	711365	Benign	0	""
3-53673804-G-A	CACNA1D	66072	Pathogenic	0	""
3-53718707-G-A	CACNA1D	505894	Likely benign	0	""
3-87260082-C-T	POU1F1	13613	Pathogenic/Likely pathogenic	0	""
3-9943485-G-A	CRELD1	697196	Likely benign	0	""
4-1004391-T-C	IDUA	960079	Pathogenic	0	""
4-1004391-T-G	IDUA	11920	Likely pathogenic	0	""
4-1004393-A-T	IDUA	242721	Likely pathogenic	0	""
4-110618538-C-T	PITX2	197884	Benign/Likely benign	0	""
4-110618670-G-A	PITX2	1068355	Likely pathogenic	0	""
4-113381461-A-G	ANK2	377483	Benign/Likely benign	0	""
4-127920797-C-T	MFSD8	2151748	Likely pathogenic	0	""
4-13369888-A-C	RAB28	225879	Pathogenic/Likely pathogenic	0	""
4-158672490-G-C	ETFDH	576973	Pathogenic/Likely pathogenic	0	""
4-17487231-A-G	QDPR	2775915	Likely pathogenic	0	""
4-1806664-G-A	FGFR3	134408	Benign/Likely benign	0	""
4-1806860-G-A	FGFR3	2769092	Likely benign	0	""
4-1807260-T-C	FGFR3	65561	Pathogenic/Likely pathogenic	0	""
4-1807260-T-G	FGFR3	16334	Pathogenic	3	ClinVEP_CTE,ClinVEP_CTI,ClinVEP_SP
4-1807261-G-C	FGFR3	994395	Pathogenic	0	""
4-1807261-G-T	FGFR3	65562	Pathogenic	0	""
4-1807262-A-G	FGFR3	65564	Pathogenic/Likely pathogenic	0	""
4-1807262-A-T	FGFR3	16336	Pathogenic	0	""
4-2831582-C-A	SH3BP2	7549	Pathogenic/Likely pathogenic	0	""
4-2831582-C-T	SH3BP2	7547	Pathogenic/Likely pathogenic	0	""
4-2831587-G-A	SH3BP2	372503	Pathogenic	0	""
4-2833834-A-G	SH3BP2	525208	Benign/Likely benign	0	""
4-3485545-G-C	DOK7	1278	Likely pathogenic	0	""
4-3485595-G-A	DOK7	128913	Benign	0	""
4-6291367-G-A	WFS1	215378	Pathogenic/Likely pathogenic	0	""
4-6301104-G-A	WFS1	215356	Benign/Likely benign	0	""
4-6301104-G-C	WFS1	1199427	Pathogenic/Likely pathogenic	0	""
4-67740683-G-A	GNRHR	2151986	Pathogenic/Likely pathogenic	0	""
4-75564372-G-A	ODAPH	1262065	Benign	0	""
5-102236860-A-G	SLCO4C1	727471	Likely benign	0	""
5-132198270-T-C	P4HA2	708428	Likely benign	0	""
5-132385354-C-T	SLC22A5	1472238	Likely pathogenic	0	""
5-132385363-T-C	SLC22A5	460412	Pathogenic/Likely pathogenic	0	""
5-132385375-G-C	SLC22A5	1707678	Pathogenic/Likely pathogenic	0	""
5-132385400-G-T	SLC22A5	25387	Pathogenic/Likely pathogenic	0	""
5-132394188-G-T	SLC22A5	460403	Benign/Likely benign	0	""
5-150070569-T-C	CSF1R	352157	Benign	0	""
5-180628936-T-A	FLT4	263015	Benign	0	""
5-33998668-G-A	AMACR	353254	Benign	0	""
5-53098602-T-G	MOCS2	6115	Pathogenic/Likely pathogenic	0	""
5-53109727-C-T	MOCS2	813890	Pathogenic/Likely pathogenic	0	""
5-53109729-T-C	MOCS2	1456543	Pathogenic	0	""
5-71656858-T-C	MCCC2	570791	Pathogenic/Likely pathogenic	0	""
5-78780398-T-C	ARSB	559729	Pathogenic/Likely pathogenic	0	""
5-96746348-G-C	CAST	791137	Benign	0	""
5-96746424-C-T	CAST	790565	Benign	0	""
5-96748567-G-A	CAST	2241251	Likely benign	0	""
5-96750599-G-A	CAST	1614516	Benign	0	""
5-96750630-G-C	CAST	1192697	Benign	0	""
6-10556431-T-C	GCNT2	354699	Benign	0	""
6-10556940-A-G	GCNT2	354705	Benign	0	""
6-123503658-A-G	TRDN	505274	Likely benign	0	""
6-123503692-C-T	TRDN	504836	Likely benign	0	""
6-145627577-C-A	EPM2A	834981	Pathogenic/Likely pathogenic	0	""
6-145627577-C-T	EPM2A	3099	Pathogenic/Likely pathogenic	0	""
6-151405236-C-G	RMND1	143051	Pathogenic/Likely pathogenic	0	""
6-31576785-C-T	TNF	781865	Benign/Likely benign	0	""
6-32116560-T-A	ATF6B	771155	Likely benign	0	""
6-32828908-A-G	TAP2	403510	Benign/Likely benign	0	""
6-32845644-G-T	TAP1	466386	Benign/Likely benign	0	""
6-42965726-G-A	PEX6	167463	Benign/Likely benign	0	""
6-44306988-T-A	AARS2	357073	Likely benign	0	""
6-56615702-T-C	DST	357543	Benign/Likely benign	0	""
6-56616262-T-C	DST	541484	Benign/Likely benign	0	""
6-56616332-C-T	DST	474548	Likely benign	0	""
6-56617066-G-A	DST	474540	Likely benign	0	""
6-56617094-C-T	DST	474539	Likely benign	0	""
6-56618003-C-G	DST	357558	Benign	0	""
6-56618027-C-T	DST	357559	Likely benign	0	""
6-56618113-T-C	DST	706030	Likely benign	0	""
6-56618125-A-G	DST	357561	Benign/Likely benign	0	""
6-56618254-T-C	DST	381713	Likely benign	0	""
6-56618549-G-C	DST	357563	Benign/Likely benign	0	""
6-56618606-A-G	DST	474532	Benign/Likely benign	0	""
6-56618881-T-G	DST	357566	Likely benign	0	""
6-56619073-G-A	DST	474528	Likely benign	0	""
6-56619634-C-T	DST	357574	Benign/Likely benign	0	""
6-56619745-G-A	DST	357576	Benign/Likely benign	0	""
6-56620225-T-C	DST	357584	Benign/Likely benign	0	""
6-56620688-G-A	DST	357588	Benign/Likely benign	0	""
6-56642691-A-G	DST	357621	Benign	0	""
6-56642764-G-A	DST	357622	Benign/Likely benign	0	""
7-102274250-G-A	CUX1	1255432	Benign	0	""
7-102278021-A-C	CUX1	1299085	Benign/Likely benign	0	""
7-117559476-A-G	CFTR	53248	Pathogenic/Likely pathogenic	0	""
7-117559491-G-A	CFTR	634836	Pathogenic	0	""
7-117559509-G-T	CFTR	7187	Pathogenic/Likely pathogenic	0	""
7-140020029-C-T	TBXAS1	1599455	Benign	0	""
7-27095347-T-G	HOXA1	359958	Benign/Likely benign	0	""
7-44145136-T-A	GCK	2691823	Pathogenic	0	""
7-44145136-T-C	GCK	2578350	Likely pathogenic	0	""
7-44145138-A-G	GCK	2578351	Likely pathogenic	0	""
7-6004001-C-T	PMS2	2674188	Likely pathogenic	0	""
7-6004002-C-G	PMS2	486943	Pathogenic/Likely pathogenic	0	""
7-74041231-C-T	ELN	43584	Benign/Likely benign	0	""
7-87402098-A-T	ABCB4	3064147	Likely pathogenic	0	""
7-92085597-C-T	AKAP9	136342	Benign/Likely benign	0	""
8-103415316-C-G	DCAF13	723920	Benign	0	""
8-144085661-G-A	GPAA1	774254	Benign/Likely benign	0	""
8-144360935-G-A	SLC52A2	210043	Pathogenic/Likely pathogenic	0	""
8-22409960-T-A	SLC39A14	1598082	Benign	0	""
8-30131945-A-G	MBOAT4	709877	Benign	0	""
8-6444393-A-G	MCPH1	1189611	Benign/Likely benign	0	""
8-99507859-G-A	VPS13B	130725	Benign/Likely benign	0	""
9-109167291-T-A	FRRS1L	476299	Benign/Likely benign	0	""
9-127684469-A-G	STXBP1	194948	Benign/Likely benign	0	""
9-128323147-G-C	COQ4	267347	Pathogenic/Likely pathogenic	0	""
9-128343133-A-G	SLC27A4	2735354	Pathogenic	0	""
9-129095408-C-G	CRAT	1167631	Benign	0	""
9-135786521-G-A	KCNT1	473392	Likely benign	0	""
9-137108556-G-A	MAN1B1	425470	Likely pathogenic	0	""
9-138121717-G-C	CACNA1B	1600078	Benign/Likely benign	0	""
9-21970902-C-A	CDKN2A	216035	Pathogenic/Likely pathogenic	0	""
9-21971037-C-A	CDKN2A	182423	Likely pathogenic	0	""
9-21971058-C-A	CDKN2A	9412	Pathogenic	0	""
9-21971109-C-T	CDKN2A	229806	Likely pathogenic	0	""
9-21994139-C-G	CDKN2A	1504229	Pathogenic/Likely pathogenic	0	""
9-34635856-C-T	SIGMAR1	873316	Likely pathogenic	0	""
9-34650447-T-C	GALT	2136762	Pathogenic/Likely pathogenic	0	""
9-34650449-A-C	GALT	25336	Pathogenic	0	""
9-94558939-T-C	FBP2	786143	Benign	0	""
9-95516658-C-G	PTCH1	41769	Benign	0	""
9-95516690-T-C	PTCH1	41768	Benign/Likely benign	0	""
9-96254868-C-T	HSD17B3	2577238	Pathogenic	0	""
X-108687481-G-C	COL4A5	4686432	Pathogenic/Likely pathogenic	0	""
X-111759999-A-C	ALG13	377466	Benign/Likely benign	0	""
X-143884255-C-G	UBE2NL	770314	Benign	0	""
X-153693586-G-C	SLC6A8	11697	Pathogenic	0	""
X-153693925-G-A	SLC6A8	436771	Benign	0	""
X-153693973-G-C	SLC6A8	2583101	Likely pathogenic	0	""
X-153906577-C-T	AVPR2	2138782	Pathogenic/Likely pathogenic	0	""
X-153906667-G-A	AVPR2	368077	Benign/Likely benign	0	""
X-154030367-T-C	MECP2	143490	Pathogenic	0	""
X-154030368-C-G	MECP2	834679	Likely pathogenic	0	""
X-154030369-A-G	MECP2	143487	Likely pathogenic	0	""
X-154031211-C-G	MECP2	143638	Benign	0	""
X-154031223-G-A	MECP2	156668	Benign/Likely benign	0	""
X-154031223-G-C	MECP2	851266	Likely benign	0	""
X-154031226-G-A	MECP2	138188	Benign	0	""
X-154031232-G-T	MECP2	143630	Benign	0	""
X-154092190-C-T	MECP2	372650	Pathogenic	0	""
X-154420094-G-A	TAFAZZIN	426783	Pathogenic/Likely pathogenic	0	""
X-22077479-C-T	PHEX	735460	Likely benign	0	""
X-22247953-G-C	PHEX	968782	Likely pathogenic	0	""
X-30304581-A-G	NR0B1	978419	Likely pathogenic	3	FuncVEP_CTE,FuncVEP_CTI,FuncVEP_SP
X-38285541-T-G	RPGR	3900756	Likely pathogenic	0	""
X-38285542-A-T	RPGR	931960	Likely pathogenic	0	""
X-38287861-C-T	RPGR	866825	Pathogenic	0	""
X-48689434-G-A	WAS	418541	Pathogenic	0	""
X-48904846-C-T	SLC35A2	754204	Benign/Likely benign	0	""
X-74421416-A-T	SLC16A2	193346	Benign/Likely benign	0	""
X-74421488-G-A	SLC16A2	1208884	Benign/Likely benign	0	""
Y-1282753-C-G	CSF2RA	178714	Benign	0	""
Y-1288522-A-G	CSF2RA	469625	Benign/Likely benign	0	""
Y-1288840-C-T	CSF2RA	178715	Benign/Likely benign	0	""
Y-1303973-G-A	CSF2RA	537342	Likely benign	0	""
Y-1352169-G-C	IL3RA	770823	Likely benign	0	""
Y-1623310-A-G	ASMT	599440	Likely benign	0	""
Y-2488954-T-C	ZBED1	784428	Benign	0	""
Y-57087054-T-C	VAMP7	721652	Benign	0	""
Y-57196354-G-A	IL9R	769193	Benign	0	""
Y-57196457-G-A	IL9R	771064	Benign	0	""
Y-634675-A-C	SHOX	1686187	Pathogenic/Likely pathogenic	0	""
Y-640836-C-T	SHOX	9879	Pathogenic/Likely pathogenic	0	""
Y-640851-C-T	SHOX	9878	Pathogenic	0	""
Y-640852-G-A	SHOX	1256555	Pathogenic	0	""
Y-641001-G-A	SHOX	586578	Benign/Likely benign	0	""
